dependent_variable,dependent_label,independent_variable,independent_label,n,intercept,coefficient,coefficient_direction,std_error,t_value,p_value,ci_lower_95,ci_upper_95,r_squared,adj_r_squared,f_statistic,f_p_value,aic,bic
lst_avg,lst_avg,tax_richness_per_hectare,Tax. richness,41,40.270363,-0.266375,-,0.058996,-4.515145,0.000057,-0.385705,-0.147045,0.343286,0.326447,20.386538,0.000057,162.539297,165.966441
lst_avg,lst_avg,health_color_squared,Color. & Intact. (% canopy),41,46.017421,-12.497564,-,3.962502,-3.153958,0.003097,-20.512480,-4.482648,0.203227,0.182797,9.947451,0.003097,170.465428,173.892572
lst_avg,lst_avg,stressors_sum_per_tree_count,Damage score,41,33.403249,6.180334,+,2.012646,3.070751,0.003879,2.109373,10.251295,0.194706,0.174057,9.429509,0.003879,170.901585,174.328729
lst_avg,lst_avg,soil_access_per_tree_count_sqrt,Soil restrictions,41,29.537402,5.611338,+,2.049535,2.737860,0.009269,1.465763,9.756913,0.161216,0.139709,7.495875,0.009269,172.572159,175.999304
lst_avg,lst_avg,tree_health_mean,Intactness (% canopy),41,54.719081,-20.540399,-,7.529865,-2.727858,0.009508,-35.770989,-5.309810,0.160229,0.138696,7.441208,0.009508,172.620393,176.047538
lst_avg,lst_avg,genera_richness_per_hectare,Genus richness,41,39.042404,-0.275736,-,0.103476,-2.664728,0.011148,-0.485036,-0.066436,0.154027,0.132336,7.100774,0.011148,172.922048,176.349192
lst_avg,lst_avg,health_color_height_prop_cubed,Canopy Health Index(height-wieghted),41,40.413617,-6.519634,-,2.507647,-2.599901,0.013102,-11.591828,-1.447439,0.147718,0.125864,6.759486,0.013102,173.226703,176.653847
lst_avg,lst_avg,species_true_evenness,Tax. evenness,41,32.386016,8.347461,+,3.292426,2.535353,0.015355,1.687901,15.007020,0.141499,0.119486,6.428013,0.015355,173.524780,176.951924
lst_avg,lst_avg,genera_true_evenness,Genus evenness,41,33.231918,6.802389,+,2.905073,2.341555,0.024406,0.926325,12.678453,0.123258,0.100778,5.482882,0.024406,174.386785,177.813929
lst_avg,lst_avg,quercus_height_sum_prop_sqrt,Oak abund. (% height),41,37.284312,-4.901167,-,2.234698,-2.193212,0.034320,-9.421270,-0.381064,0.109796,0.086970,4.810180,0.034320,175.011552,178.438696
lst_avg,lst_avg,quercus_count_per_tree_sqrt,Oak abund. (% of trees),41,37.219776,-5.968982,-,2.970625,-2.009335,0.051458,-11.977639,0.039675,0.093812,0.070576,4.037428,0.051458,175.741190,179.168334
lst_avg,lst_avg,arbuscular_height_prop_squared,AMF abund. (% height),41,34.536425,2.907571,+,2.158431,1.347076,0.185731,-1.458268,7.273410,0.044460,0.019959,1.814614,0.185731,177.915419,181.342563
lst_avg,lst_avg,arbuscular_prop,AMF abund. (% of trees),41,32.049773,5.383882,+,4.069942,1.322840,0.193593,-2.848352,13.616116,0.042943,0.018403,1.749906,0.193593,177.980472,181.407616
lst_avg,lst_avg,street_tree_percent,Street trees (% of trees),41,35.272036,4.677517,+,4.253551,1.099674,0.278216,-3.926102,13.281136,0.030075,0.005205,1.209282,0.278216,178.528055,181.955199
lst_avg,lst_avg,acer_height_sum_prop,Maple abund. (% height),41,36.705311,-3.083128,-,3.297549,-0.934976,0.355554,-9.753052,3.586795,0.021923,-0.003155,0.874179,0.355554,178.871179,182.298323
lst_avg,lst_avg,percent_angio_cubed,Angio. abund. (% of trees),41,34.875053,1.621854,+,1.742615,0.930701,0.357734,-1.902917,5.146625,0.021728,-0.003356,0.866205,0.357734,178.879379,182.306523
lst_avg,lst_avg,mean_height_log,Mean Height,41,32.609967,1.573938,+,1.802142,0.873371,0.387807,-2.071238,5.219114,0.019183,-0.005966,0.762776,0.387807,178.985887,182.413032
lst_avg,lst_avg,acer_count_per_tree_count,Maple abund. (% of trees),41,36.374578,-2.131789,-,4.374388,-0.487334,0.628750,-10.979823,6.716245,0.006053,-0.019433,0.237495,0.628750,179.531123,182.958267
lst_avg,lst_avg,diffuse_height_prop,D-porous abund. (% height),41,36.471717,-1.230406,-,3.269323,-0.376349,0.708697,-7.843235,5.382423,0.003619,-0.021930,0.141639,0.708697,179.631407,183.058551
lst_avg,lst_avg,diffuse_prop,D-porous abund. (% trees),41,36.259946,-0.767273,-,3.712643,-0.206665,0.837347,-8.276802,6.742255,0.001094,-0.024519,0.042710,0.837347,179.735163,183.162307
lst_res,Residuals of LST,tax_richness_per_hectare,Tax. richness,41,2.413076,-0.146966,-,0.030347,-4.842902,0.000021,-0.208347,-0.085584,0.375537,0.359526,23.453696,0.000021,108.027128,111.454272
lst_res,Residuals of LST,genera_richness_per_hectare,Genus richness,41,2.351284,-0.207728,-,0.049147,-4.226674,0.000138,-0.307137,-0.108319,0.314162,0.296577,17.864776,0.000138,111.870850,115.297994
lst_res,Residuals of LST,stressors_sum_per_tree_count,Damage score,41,-1.271126,3.159925,+,1.069415,2.954818,0.005283,0.996830,5.323020,0.182920,0.161969,8.730948,0.005283,119.049790,122.476935
lst_res,Residuals of LST,mean_height_log,Mean Height,41,-4.496281,2.118135,+,0.897964,2.358820,0.023438,0.301832,3.934438,0.124855,0.102415,5.564034,0.023438,121.864558,125.291703
lst_res,Residuals of LST,health_color_squared,Color. & Intact. (% canopy),41,4.107372,-5.055211,-,2.197308,-2.300639,0.026845,-9.499687,-0.610736,0.119498,0.096921,5.292938,0.026845,122.114735,125.541880
lst_res,Residuals of LST,tree_health_mean,Intactness (% canopy),41,8.285794,-9.030796,-,4.086071,-2.210142,0.033032,-17.295654,-0.765937,0.111308,0.088521,4.884726,0.033032,122.494351,125.921495
lst_res,Residuals of LST,health_color_height_prop_cubed,Canopy Health Index(height-wieghted),41,1.740619,-2.489764,-,1.376259,-1.809081,0.078152,-5.273511,0.293983,0.077420,0.053764,3.272774,0.078152,124.028698,127.455842
lst_res,Residuals of LST,genera_true_evenness,Genus evenness,41,-0.961601,2.498114,+,1.586970,1.574141,0.123533,-0.711836,5.708063,0.059741,0.035631,2.477919,0.123533,124.806961,128.234105
lst_res,Residuals of LST,species_true_evenness,Tax. evenness,41,-1.147371,2.776190,+,1.820952,1.524582,0.135433,-0.907033,6.459414,0.056246,0.032048,2.324350,0.135433,124.959042,128.386186
lst_res,Residuals of LST,street_tree_percent,Street trees (% of trees),41,-0.360315,2.683088,+,2.237398,1.199200,0.237685,-1.842476,7.208653,0.035563,0.010833,1.438082,0.237685,125.847920,129.275064
lst_res,Residuals of LST,soil_access_per_tree_count_sqrt,Soil restrictions,41,-1.431097,1.288972,+,1.162283,1.109001,0.274222,-1.061967,3.639911,0.030571,0.005714,1.229882,0.274222,126.059558,129.486702
lst_res,Residuals of LST,diffuse_prop,D-porous abund. (% trees),41,-0.565113,1.743274,+,1.939511,0.898821,0.374264,-2.179758,5.666305,0.020294,-0.004826,0.807880,0.374264,126.491910,129.919055
lst_res,Residuals of LST,quercus_height_sum_prop_sqrt,Oak abund. (% height),41,0.290149,-0.905329,-,1.240950,-0.729545,0.470028,-3.415387,1.604730,0.013463,-0.011832,0.532235,0.470028,126.776797,130.203941
lst_res,Residuals of LST,quercus_count_per_tree_sqrt,Oak abund. (% of trees),41,0.274671,-1.085323,-,1.636924,-0.663026,0.511214,-4.396314,2.225667,0.011146,-0.014209,0.439604,0.511214,126.872981,130.300125
lst_res,Residuals of LST,diffuse_height_prop,D-porous abund. (% height),41,-0.204324,0.650208,+,1.724561,0.377028,0.708197,-2.838046,4.138462,0.003632,-0.021916,0.142150,0.708197,127.183375,130.610519
lst_res,Residuals of LST,acer_count_per_tree_count,Maple abund. (% of trees),41,-0.057277,0.597580,+,2.312532,0.258409,0.797450,-4.079958,5.275118,0.001709,-0.023888,0.066775,0.797450,127.262403,130.689547
lst_res,Residuals of LST,percent_angio_cubed,Angio. abund. (% of trees),41,0.118440,-0.098418,-,0.929250,-0.105911,0.916196,-1.978005,1.781168,0.000288,-0.025346,0.011217,0.916196,127.320752,130.747896
lst_res,Residuals of LST,arbuscular_height_prop_squared,AMF abund. (% height),41,0.018903,0.063961,+,1.164718,0.054915,0.956486,-2.291903,2.419824,0.000077,-0.025562,0.003016,0.956486,127.329373,130.756517
lst_res,Residuals of LST,acer_height_sum_prop,Maple abund. (% height),41,0.069809,-0.081573,-,1.758801,-0.046380,0.963244,-3.639082,3.475937,0.000055,-0.025584,0.002151,0.963244,127.330281,130.757426
lst_res,Residuals of LST,arbuscular_prop,AMF abund. (% of trees),41,0.068474,-0.024084,-,2.194533,-0.010975,0.991300,-4.462947,4.414778,0.000003,-0.025638,0.000120,0.991300,127.332416,130.759560
ndvi_avg,ndvi_avg,soil_access_per_tree_count_sqrt,Soil restrictions,41,0.800475,-0.222330,-,0.067756,-3.281312,0.002183,-0.359380,-0.085280,0.216348,0.196255,10.767011,0.002183,-107.002600,-103.575456
ndvi_avg,ndvi_avg,tax_richness_per_hectare,Tax. richness,41,0.430492,0.007115,+,0.002214,3.213796,0.002629,0.002637,0.011594,0.209382,0.189110,10.328487,0.002629,-106.639726,-103.212582
ndvi_avg,ndvi_avg,health_color_squared,Color. & Intact. (% canopy),41,0.208989,0.418559,+,0.136237,3.072271,0.003863,0.142992,0.694125,0.194861,0.174217,9.438852,0.003863,-105.893546,-102.466401
ndvi_avg,ndvi_avg,stressors_sum_per_tree_count,Damage score,41,0.625983,-0.193910,-,0.070144,-2.764454,0.008662,-0.335791,-0.052030,0.163847,0.142408,7.642205,0.008662,-104.343893,-100.916749
ndvi_avg,ndvi_avg,tree_health_mean,Intactness (% canopy),41,-0.080795,0.686119,+,0.258673,2.652455,0.011496,0.162903,1.209335,0.152828,0.131106,7.035516,0.011496,-103.807095,-100.379951
ndvi_avg,ndvi_avg,species_true_evenness,Tax. evenness,41,0.665623,-0.279802,-,0.112976,-2.476649,0.017706,-0.508317,-0.051286,0.135902,0.113746,6.133789,0.017706,-102.996033,-99.568889
ndvi_avg,ndvi_avg,health_color_height_prop_cubed,Canopy Health Index(height-wieghted),41,0.402897,0.209172,+,0.086656,2.413815,0.020581,0.033893,0.384450,0.129979,0.107671,5.826505,0.020581,-102.715938,-99.288794
ndvi_avg,ndvi_avg,genera_true_evenness,Genus evenness,41,0.636168,-0.225296,-,0.099795,-2.257586,0.029646,-0.427151,-0.023441,0.115580,0.092903,5.096695,0.029646,-102.042933,-98.615789
ndvi_avg,ndvi_avg,quercus_height_sum_prop_sqrt,Oak abund. (% height),41,0.505478,0.148991,+,0.077416,1.924542,0.061604,-0.007598,0.305580,0.086734,0.063317,3.703863,0.061604,-100.727019,-97.299875
ndvi_avg,ndvi_avg,genera_richness_per_hectare,Genus richness,41,0.472293,0.006553,+,0.003702,1.769996,0.084546,-0.000935,0.014041,0.074357,0.050623,3.132887,0.084546,-100.175127,-96.747983
ndvi_avg,ndvi_avg,quercus_count_per_tree_sqrt,Oak abund. (% of trees),41,0.509486,0.171525,+,0.103138,1.663061,0.104317,-0.037092,0.380142,0.066221,0.042278,2.765772,0.104317,-99.816318,-96.389174
ndvi_avg,ndvi_avg,street_tree_percent,Street trees (% of trees),41,0.575736,-0.201488,-,0.144154,-1.397726,0.170096,-0.493068,0.090091,0.047704,0.023286,1.953639,0.170096,-99.011222,-95.584078
ndvi_avg,ndvi_avg,acer_height_sum_prop,Maple abund. (% height),41,0.521172,0.101929,+,0.112868,0.903085,0.372025,-0.126367,0.330226,0.020484,-0.004632,0.815563,0.372025,-97.855727,-94.428583
ndvi_avg,ndvi_avg,arbuscular_prop,AMF abund. (% of trees),41,0.629391,-0.115538,-,0.141083,-0.818936,0.417799,-0.400906,0.169830,0.016906,-0.008302,0.670657,0.417799,-97.706238,-94.279094
ndvi_avg,ndvi_avg,arbuscular_height_prop_squared,AMF abund. (% height),41,0.574098,-0.058533,-,0.074938,-0.781091,0.439465,-0.210110,0.093043,0.015403,-0.009843,0.610103,0.439465,-97.643607,-94.216463
ndvi_avg,ndvi_avg,acer_count_per_tree_count,Maple abund. (% of trees),41,0.529920,0.082560,+,0.149487,0.552289,0.583902,-0.219806,0.384925,0.007760,-0.017682,0.305023,0.583902,-97.326599,-93.899455
ndvi_avg,ndvi_avg,mean_height_log,Mean Height,41,0.590538,-0.021278,-,0.062144,-0.342398,0.733890,-0.146977,0.104421,0.002997,-0.022567,0.117237,0.733890,-97.130246,-93.703102
ndvi_avg,ndvi_avg,diffuse_height_prop,D-porous abund. (% height),41,0.532440,0.031643,+,0.111908,0.282764,0.778853,-0.194711,0.257998,0.002046,-0.023543,0.079955,0.778853,-97.091152,-93.664007
ndvi_avg,ndvi_avg,diffuse_prop,D-porous abund. (% trees),41,0.536885,0.022567,+,0.127000,0.177693,0.859884,-0.234315,0.279449,0.000809,-0.024811,0.031575,0.859884,-97.040362,-93.613218
ndvi_avg,ndvi_avg,percent_angio_cubed,Angio. abund. (% of trees),41,0.550974,-0.008905,-,0.060243,-0.147816,0.883250,-0.130759,0.112949,0.000560,-0.025067,0.021850,0.883250,-97.030146,-93.603001
ndvi_cvA_O,CV of NDVI (Apr-Oct),stressors_sum_per_tree_count,Damage score,41,0.070738,0.128723,+,0.027296,4.715862,0.000031,0.073512,0.183933,0.363155,0.346825,22.239357,0.000031,-181.737492,-178.310348
ndvi_cvA_O,CV of NDVI (Apr-Oct),health_color_height_prop_cubed,Canopy Health Index(height-wieghted),41,0.225191,-0.148228,-,0.033951,-4.365980,0.000090,-0.216900,-0.079556,0.328302,0.311079,19.061780,0.000090,-179.552912,-176.125768
ndvi_cvA_O,CV of NDVI (Apr-Oct),tree_health_mean,Intactness (% canopy),41,0.526651,-0.440917,-,0.103529,-4.258859,0.000125,-0.650325,-0.231509,0.317441,0.299939,18.137880,0.000125,-178.895258,-175.468114
ndvi_cvA_O,CV of NDVI (Apr-Oct),health_color_squared,Color. & Intact. (% canopy),41,0.301911,-0.220976,-,0.057717,-3.828622,0.000455,-0.337720,-0.104233,0.273179,0.254543,14.658344,0.000455,-176.319216,-172.892072
ndvi_cvA_O,CV of NDVI (Apr-Oct),tax_richness_per_hectare,Tax. richness,41,0.179516,-0.003417,-,0.000966,-3.537280,0.001061,-0.005371,-0.001463,0.242900,0.223487,12.512353,0.001061,-174.645787,-171.218643
ndvi_cvA_O,CV of NDVI (Apr-Oct),quercus_height_sum_prop_sqrt,Oak abund. (% height),41,0.149891,-0.095721,-,0.032708,-2.926540,0.005691,-0.161878,-0.029563,0.180063,0.159039,8.564637,0.005691,-171.376772,-167.949627
ndvi_cvA_O,CV of NDVI (Apr-Oct),soil_access_per_tree_count_sqrt,Soil restrictions,41,0.034657,0.078222,+,0.031747,2.463943,0.018256,0.014008,0.142437,0.134699,0.112512,6.071018,0.018256,-169.168915,-165.741771
ndvi_cvA_O,CV of NDVI (Apr-Oct),genera_richness_per_hectare,Genus richness,41,0.166052,-0.003744,-,0.001608,-2.328925,0.025137,-0.006996,-0.000492,0.122094,0.099584,5.423892,0.025137,-168.575974,-165.148830
ndvi_cvA_O,CV of NDVI (Apr-Oct),quercus_count_per_tree_sqrt,Oak abund. (% of trees),41,0.145134,-0.099616,-,0.044838,-2.221664,0.032179,-0.190310,-0.008922,0.112341,0.089580,4.935789,0.032179,-168.122998,-164.695854
ndvi_cvA_O,CV of NDVI (Apr-Oct),percent_angio_cubed,Angio. abund. (% of trees),41,0.086776,0.055064,+,0.025382,2.169463,0.036204,0.003725,0.106403,0.107686,0.084806,4.706569,0.036204,-167.908534,-164.481390
ndvi_cvA_O,CV of NDVI (Apr-Oct),acer_count_per_tree_count,Maple abund. (% of trees),41,0.147336,-0.125701,-,0.063816,-1.969749,0.055999,-0.254781,0.003379,0.090483,0.067162,3.879910,0.055999,-167.125639,-163.698495
ndvi_cvA_O,CV of NDVI (Apr-Oct),genera_true_evenness,Genus evenness,41,0.088793,0.088328,+,0.045153,1.956204,0.057630,-0.003002,0.179658,0.089354,0.066004,3.826732,0.057630,-167.074762,-163.647618
ndvi_cvA_O,CV of NDVI (Apr-Oct),acer_height_sum_prop,Maple abund. (% height),41,0.145619,-0.090489,-,0.048742,-1.856495,0.070949,-0.189079,0.008101,0.081198,0.057639,3.446575,0.070949,-166.709195,-163.282051
ndvi_cvA_O,CV of NDVI (Apr-Oct),arbuscular_height_prop_squared,AMF abund. (% height),41,0.095182,0.058873,+,0.032328,1.821101,0.076270,-0.006517,0.124262,0.078372,0.054740,3.316408,0.076270,-166.583270,-163.156126
ndvi_cvA_O,CV of NDVI (Apr-Oct),street_tree_percent,Street trees (% of trees),41,0.107302,0.112817,+,0.063341,1.781096,0.082687,-0.015303,0.240937,0.075222,0.051510,3.172302,0.082687,-166.443409,-163.016265
ndvi_cvA_O,CV of NDVI (Apr-Oct),species_true_evenness,Tax. evenness,41,0.090285,0.079484,+,0.052676,1.508931,0.139376,-0.027063,0.186031,0.055161,0.030934,2.276873,0.139376,-165.563496,-162.136352
ndvi_cvA_O,CV of NDVI (Apr-Oct),diffuse_prop,D-porous abund. (% trees),41,0.151801,-0.077009,-,0.055293,-1.392745,0.171586,-0.188849,0.034831,0.047380,0.022954,1.939740,0.171586,-165.227249,-161.800105
ndvi_cvA_O,CV of NDVI (Apr-Oct),mean_height_log,Mean Height,41,0.075017,0.023092,+,0.027504,0.839604,0.406248,-0.032539,0.078724,0.017754,-0.007431,0.704934,0.406248,-163.971594,-160.544449
ndvi_cvA_O,CV of NDVI (Apr-Oct),diffuse_height_prop,D-porous abund. (% height),41,0.136906,-0.031380,-,0.049696,-0.631439,0.531437,-0.131900,0.069140,0.010120,-0.015262,0.398715,0.531437,-163.654161,-160.227017
ndvi_cvA_O,CV of NDVI (Apr-Oct),arbuscular_prop,AMF abund. (% of trees),41,0.108340,0.022211,+,0.063347,0.350620,0.727760,-0.105920,0.150341,0.003142,-0.022418,0.122935,0.727760,-163.366162,-159.939018
ndvi_cvJ_A,CV of NDVI (Jun-Aug),tax_richness_per_hectare,Tax. richness,41,0.135151,-0.003736,-,0.001108,-3.373299,0.001689,-0.005977,-0.001496,0.225870,0.206021,11.379143,0.001689,-163.428727,-160.001583
ndvi_cvJ_A,CV of NDVI (Jun-Aug),stressors_sum_per_tree_count,Damage score,41,0.027034,0.114877,+,0.034144,3.364446,0.001731,0.045813,0.183941,0.224953,0.205079,11.319497,0.001731,-163.380157,-159.953013
ndvi_cvJ_A,CV of NDVI (Jun-Aug),health_color_height_prop_cubed,Canopy Health Index(height-wieghted),41,0.153268,-0.115186,-,0.043199,-2.666382,0.011102,-0.202565,-0.027807,0.154189,0.132502,7.109594,0.011102,-159.797922,-156.370778
ndvi_cvJ_A,CV of NDVI (Jun-Aug),tree_health_mean,Intactness (% canopy),41,0.384314,-0.339105,-,0.131308,-2.582510,0.013677,-0.604701,-0.073509,0.146036,0.124139,6.669356,0.013677,-159.404588,-155.977444
ndvi_cvJ_A,CV of NDVI (Jun-Aug),health_color_squared,Color. & Intact. (% canopy),41,0.221510,-0.182464,-,0.070988,-2.570340,0.014093,-0.326051,-0.038877,0.144861,0.122935,6.606646,0.014093,-159.348251,-155.921107
ndvi_cvJ_A,CV of NDVI (Jun-Aug),genera_true_evenness,Genus evenness,41,0.024717,0.124297,+,0.049824,2.494736,0.016949,0.023519,0.225075,0.137620,0.115508,6.223707,0.016949,-159.002539,-155.575395
ndvi_cvJ_A,CV of NDVI (Jun-Aug),genera_richness_per_hectare,Genus richness,41,0.124819,-0.004490,-,0.001808,-2.483864,0.017400,-0.008147,-0.000834,0.136587,0.114448,6.169582,0.017400,-158.953439,-155.526295
ndvi_cvJ_A,CV of NDVI (Jun-Aug),species_true_evenness,Tax. evenness,41,0.022214,0.122516,+,0.058233,2.103913,0.041885,0.004730,0.240303,0.101930,0.078902,4.426448,0.041885,-157.339874,-153.912730
ndvi_cvJ_A,CV of NDVI (Jun-Aug),acer_height_sum_prop,Maple abund. (% height),41,0.093189,-0.077868,-,0.056295,-1.383218,0.174466,-0.191736,0.035999,0.046765,0.022323,1.913292,0.174466,-154.895715,-151.468570
ndvi_cvJ_A,CV of NDVI (Jun-Aug),acer_count_per_tree_count,Maple abund. (% of trees),41,0.091105,-0.088486,-,0.074541,-1.187083,0.242375,-0.239259,0.062287,0.034872,0.010126,1.409166,0.242375,-154.387382,-150.960238
ndvi_cvJ_A,CV of NDVI (Jun-Aug),soil_access_per_tree_count_sqrt,Soil restrictions,41,0.029569,0.039596,+,0.038176,1.037217,0.306023,-0.037621,0.116814,0.026845,0.001892,1.075820,0.306023,-154.047759,-150.620614
ndvi_cvJ_A,CV of NDVI (Jun-Aug),quercus_height_sum_prop_sqrt,Oak abund. (% height),41,0.086049,-0.041448,-,0.040417,-1.025518,0.311438,-0.123199,0.040302,0.026258,0.001291,1.051687,0.311438,-154.023062,-150.595918
ndvi_cvJ_A,CV of NDVI (Jun-Aug),street_tree_percent,Street trees (% of trees),41,0.065159,0.064829,+,0.073963,0.876513,0.386118,-0.084774,0.214432,0.019319,-0.005827,0.768275,0.386118,-153.731909,-150.304764
ndvi_cvJ_A,CV of NDVI (Jun-Aug),quercus_count_per_tree_sqrt,Oak abund. (% of trees),41,0.082139,-0.034167,-,0.053686,-0.636422,0.528219,-0.142757,0.074423,0.010279,-0.015099,0.405033,0.528219,-153.355695,-149.928551
ndvi_cvJ_A,CV of NDVI (Jun-Aug),arbuscular_prop,AMF abund. (% of trees),41,0.102389,-0.037307,-,0.071694,-0.520367,0.605749,-0.182322,0.107707,0.006895,-0.018569,0.270782,0.605749,-153.215772,-149.788628
ndvi_cvJ_A,CV of NDVI (Jun-Aug),mean_height_log,Mean Height,41,0.067556,0.003511,+,0.031462,0.111590,0.911721,-0.060128,0.067149,0.000319,-0.025314,0.012452,0.911721,-152.945176,-149.518032
ndvi_cvJ_A,CV of NDVI (Jun-Aug),diffuse_height_prop,D-porous abund. (% height),41,0.077422,-0.005935,-,0.056630,-0.104796,0.917075,-0.120480,0.108611,0.000282,-0.025352,0.010982,0.917075,-152.943631,-149.516487
ndvi_cvJ_A,CV of NDVI (Jun-Aug),percent_angio_cubed,Angio. abund. (% of trees),41,0.073369,0.002511,+,0.030465,0.082429,0.934727,-0.059110,0.064132,0.000174,-0.025462,0.006795,0.934727,-152.939229,-149.512085
ndvi_cvJ_A,CV of NDVI (Jun-Aug),diffuse_prop,D-porous abund. (% trees),41,0.074799,0.000834,+,0.064237,0.012980,0.989710,-0.129098,0.130765,0.000004,-0.025637,0.000168,0.989710,-152.932264,-149.505120
ndvi_cvJ_A,CV of NDVI (Jun-Aug),arbuscular_height_prop_squared,AMF abund. (% height),41,0.075148,-0.000110,-,0.038184,-0.002878,0.997718,-0.077344,0.077124,0.000000,-0.025641,0.000008,0.997718,-152.932096,-149.504952
ndvi_res,Residuals of NDVI,tax_richness_per_hectare,Tax. richness,41,-0.065130,0.004896,+,0.001365,3.586364,0.000922,0.002135,0.007657,0.248004,0.228722,12.862003,0.000922,-146.288772,-142.861627
ndvi_res,Residuals of NDVI,genera_richness_per_hectare,Genus richness,41,-0.066348,0.007216,+,0.002141,3.370607,0.001702,0.002886,0.011546,0.225591,0.205734,11.360992,0.001702,-145.084622,-141.657478
ndvi_res,Residuals of NDVI,health_color_squared,Color. & Intact. (% canopy),41,-0.144233,0.196646,+,0.090683,2.168505,0.036282,0.013223,0.380069,0.107601,0.084719,4.702414,0.036282,-139.270266,-135.843122
ndvi_res,Residuals of NDVI,tree_health_mean,Intactness (% canopy),41,-0.313018,0.358144,+,0.168175,2.129594,0.039572,0.017978,0.698310,0.104173,0.081203,4.535171,0.039572,-139.113063,-135.685919
ndvi_res,Residuals of NDVI,stressors_sum_per_tree_count,Damage score,41,0.052218,-0.092394,-,0.046187,-2.000420,0.052452,-0.185816,0.001029,0.093059,0.069804,4.001681,0.052452,-138.607536,-135.180392
ndvi_res,Residuals of NDVI,species_true_evenness,Tax. evenness,41,0.072532,-0.136624,-,0.073660,-1.854795,0.071197,-0.285615,0.012367,0.081061,0.057499,3.440263,0.071197,-138.068727,-134.641583
ndvi_res,Residuals of NDVI,genera_true_evenness,Genus evenness,41,0.055581,-0.103672,-,0.065005,-1.594832,0.118823,-0.235156,0.027813,0.061225,0.037154,2.543490,0.118823,-137.193103,-133.765959
ndvi_res,Residuals of NDVI,health_color_height_prop_cubed,Canopy Health Index(height-wieghted),41,-0.044782,0.085969,+,0.057102,1.505537,0.140243,-0.029530,0.201468,0.054927,0.030694,2.266641,0.140243,-136.918961,-133.491817
ndvi_res,Residuals of NDVI,mean_height_log,Mean Height,41,0.104349,-0.042289,-,0.038762,-1.090992,0.281971,-0.120693,0.036115,0.029616,0.004734,1.190263,0.281971,-135.835344,-132.408200
ndvi_res,Residuals of NDVI,percent_angio_cubed,Angio. abund. (% of trees),41,-0.008203,0.031696,+,0.037759,0.839417,0.406352,-0.044680,0.108072,0.017747,-0.007439,0.704620,0.406352,-135.336899,-131.909755
ndvi_res,Residuals of NDVI,arbuscular_height_prop_squared,AMF abund. (% height),41,-0.004967,0.037098,+,0.047377,0.783033,0.438337,-0.058731,0.132927,0.015478,-0.009766,0.613141,0.438337,-135.242326,-131.815182
ndvi_res,Residuals of NDVI,soil_access_per_tree_count_sqrt,Soil restrictions,41,0.047605,-0.029608,-,0.048159,-0.614796,0.542260,-0.127019,0.067803,0.009599,-0.015796,0.377975,0.542260,-134.998201,-131.571057
ndvi_res,Residuals of NDVI,street_tree_percent,Street trees (% of trees),41,0.022239,-0.056605,-,0.092954,-0.608953,0.546087,-0.244623,0.131413,0.009419,-0.015981,0.370824,0.546087,-134.990755,-131.563611
ndvi_res,Residuals of NDVI,arbuscular_prop,AMF abund. (% of trees),41,-0.023197,0.050245,+,0.089602,0.560756,0.578172,-0.130992,0.231482,0.007998,-0.017438,0.314447,0.578172,-134.932003,-131.504859
ndvi_res,Residuals of NDVI,quercus_count_per_tree_sqrt,Oak abund. (% of trees),41,0.019148,-0.027078,-,0.067342,-0.402103,0.689804,-0.163289,0.109133,0.004129,-0.021406,0.161687,0.689804,-134.772383,-131.345239
ndvi_res,Residuals of NDVI,acer_height_sum_prop,Maple abund. (% height),41,0.006901,0.028673,+,0.071956,0.398486,0.692445,-0.116871,0.174217,0.004055,-0.021482,0.158791,0.692445,-134.769352,-131.342208
ndvi_res,Residuals of NDVI,acer_count_per_tree_count,Maple abund. (% of trees),41,0.007227,0.035022,+,0.094715,0.369762,0.713560,-0.156557,0.226601,0.003493,-0.022058,0.136724,0.713560,-134.746240,-131.319096
ndvi_res,Residuals of NDVI,quercus_height_sum_prop_sqrt,Oak abund. (% height),41,0.017434,-0.014640,-,0.051164,-0.286147,0.776280,-0.118128,0.088848,0.002095,-0.023492,0.081880,0.776280,-134.688745,-131.261601
ndvi_res,Residuals of NDVI,diffuse_prop,D-porous abund. (% trees),41,0.017410,-0.010886,-,0.080308,-0.135547,0.892876,-0.173325,0.151554,0.000471,-0.025158,0.018373,0.892876,-134.622067,-131.194923
ndvi_res,Residuals of NDVI,diffuse_height_prop,D-porous abund. (% height),41,0.015242,-0.004275,-,0.070822,-0.060362,0.952176,-0.147526,0.138976,0.000093,-0.025545,0.003644,0.952176,-134.606586,-131.179442
t_quality,Integrated Tree Quality,tax_richness_per_hectare,Tax. richness,41,-5.984802,0.397664,+,0.072385,5.493761,0.000003,0.251252,0.544076,0.436265,0.421810,30.181405,0.000003,179.310559,182.737704
t_quality,Integrated Tree Quality,genera_richness_per_hectare,Genus richness,41,-5.538541,0.536878,+,0.121677,4.412312,0.000078,0.290763,0.782994,0.332974,0.315871,19.468497,0.000078,186.208564,189.635709
t_quality,Integrated Tree Quality,stressors_sum_per_tree_count,Damage score,41,4.550437,-9.904114,-,2.511199,-3.943978,0.000324,-14.983494,-4.824734,0.285125,0.266794,15.554959,0.000324,189.049023,192.476167
t_quality,Integrated Tree Quality,tree_health_mean,Intactness (% canopy),41,-30.386120,33.769050,+,9.442665,3.576220,0.000949,14.669458,52.868643,0.246949,0.227640,12.789352,0.000949,191.182009,194.609153
t_quality,Integrated Tree Quality,health_color_squared,Color. & Intact. (% canopy),41,-13.992067,17.944008,+,5.128598,3.498814,0.001185,7.570439,28.317576,0.238901,0.219386,12.241696,0.001185,191.617879,195.045023
t_quality,Integrated Tree Quality,health_color_height_prop_cubed,Canopy Health Index(height-wieghted),41,-6.207997,9.746746,+,3.240854,3.007462,0.004594,3.191499,16.301992,0.188258,0.167444,9.044827,0.004594,194.259062,197.686207
t_quality,Integrated Tree Quality,genera_true_evenness,Genus evenness,41,3.815380,-8.409850,-,3.881670,-2.166554,0.036441,-16.261269,-0.558430,0.107428,0.084542,4.693958,0.036441,198.150973,201.578117
t_quality,Integrated Tree Quality,species_true_evenness,Tax. evenness,41,4.486736,-9.452489,-,4.455594,-2.121488,0.040289,-18.464777,-0.440200,0.103463,0.080475,4.500711,0.040289,198.332707,201.759851
t_quality,Integrated Tree Quality,mean_height_log,Mean Height,41,8.894934,-3.953841,-,2.325086,-1.700514,0.096997,-8.656772,0.749089,0.069029,0.045158,2.891748,0.096997,199.877933,203.305077
t_quality,Integrated Tree Quality,soil_access_per_tree_count_sqrt,Soil restrictions,41,5.696920,-4.601094,-,2.870463,-1.602910,0.117024,-10.407153,1.204964,0.061808,0.037752,2.569322,0.117024,200.194716,203.621860
t_quality,Integrated Tree Quality,street_tree_percent,Street trees (% of trees),41,1.602357,-7.800503,-,5.581445,-1.397578,0.170140,-19.090041,3.489035,0.047694,0.023276,1.953223,0.170140,200.806925,204.234069
t_quality,Integrated Tree Quality,quercus_height_sum_prop_sqrt,Oak abund. (% height),41,-0.484683,3.373413,+,3.089668,1.091837,0.281604,-2.876031,9.622857,0.029660,0.004780,1.192107,0.281604,201.576080,205.003224
t_quality,Integrated Tree Quality,acer_height_sum_prop,Maple abund. (% height),41,-0.506906,3.932621,+,4.370374,0.899836,0.373730,-4.907295,12.772537,0.020339,-0.004780,0.809705,0.373730,201.968036,205.395180
t_quality,Integrated Tree Quality,acer_count_per_tree_count,Maple abund. (% of trees),41,-0.442724,4.695868,+,5.761613,0.815027,0.420007,-6.958094,16.349830,0.016747,-0.008464,0.664268,0.420007,202.118096,205.545240
t_quality,Integrated Tree Quality,quercus_count_per_tree_sqrt,Oak abund. (% of trees),41,-0.261500,3.241527,+,4.099789,0.790657,0.433926,-5.051079,11.534134,0.015776,-0.009460,0.625139,0.433926,202.158563,205.585707
t_quality,Integrated Tree Quality,percent_angio_cubed,Angio. abund. (% of trees),41,0.847424,-0.641366,-,2.330914,-0.275156,0.784649,-5.356085,4.073353,0.001938,-0.023654,0.075711,0.784649,202.731032,206.158176
t_quality,Integrated Tree Quality,arbuscular_height_prop_squared,AMF abund. (% height),41,0.768776,-0.724285,-,2.921782,-0.247892,0.805519,-6.634147,5.185576,0.001573,-0.024028,0.061450,0.805519,202.745998,206.173142
t_quality,Integrated Tree Quality,arbuscular_prop,AMF abund. (% of trees),41,-0.300268,0.966654,+,5.507108,0.175528,0.861573,-10.172523,12.105831,0.000789,-0.024831,0.030810,0.861573,202.778171,206.205315
t_quality,Integrated Tree Quality,diffuse_prop,D-porous abund. (% trees),41,0.184544,0.629512,+,4.918192,0.127997,0.898809,-9.318471,10.577496,0.000420,-0.025210,0.016383,0.898809,202.793329,206.220473
t_quality,Integrated Tree Quality,diffuse_height_prop,D-porous abund. (% height),41,0.284024,0.313289,+,4.337024,0.072236,0.942783,-8.459170,9.085748,0.000134,-0.025504,0.005218,0.942783,202.805063,206.232208
